<?xml version="1.0" encoding="UTF-8"?>
<root>
  <item name="android.support.media.ExifInterface void readImageFileDirectory(android.support.media.ExifInterface.ByteOrderedDataInputStream, int) 1">
    <annotation name="android.support.annotation.IntDef">
      <val name="value" val="{android.support.media.ExifInterface.IFD_TYPE_PRIMARY, android.support.media.ExifInterface.IFD_TYPE_EXIF, android.support.media.ExifInterface.IFD_TYPE_GPS, android.support.media.ExifInterface.IFD_TYPE_INTEROPERABILITY, android.support.media.ExifInterface.IFD_TYPE_THUMBNAIL, android.support.media.ExifInterface.IFD_TYPE_PREVIEW, android.support.media.ExifInterface.IFD_TYPE_ORF_MAKER_NOTE, android.support.media.ExifInterface.IFD_TYPE_ORF_CAMERA_SETTINGS, android.support.media.ExifInterface.IFD_TYPE_ORF_IMAGE_PROCESSING, android.support.media.ExifInterface.IFD_TYPE_PEF}" />
    </annotation>
  </item>
  <item name="android.support.media.ExifInterface void swapBasedOnImageSize(int, int) 0">
    <annotation name="android.support.annotation.IntDef">
      <val name="value" val="{android.support.media.ExifInterface.IFD_TYPE_PRIMARY, android.support.media.ExifInterface.IFD_TYPE_EXIF, android.support.media.ExifInterface.IFD_TYPE_GPS, android.support.media.ExifInterface.IFD_TYPE_INTEROPERABILITY, android.support.media.ExifInterface.IFD_TYPE_THUMBNAIL, android.support.media.ExifInterface.IFD_TYPE_PREVIEW, android.support.media.ExifInterface.IFD_TYPE_ORF_MAKER_NOTE, android.support.media.ExifInterface.IFD_TYPE_ORF_CAMERA_SETTINGS, android.support.media.ExifInterface.IFD_TYPE_ORF_IMAGE_PROCESSING, android.support.media.ExifInterface.IFD_TYPE_PEF}" />
    </annotation>
  </item>
  <item name="android.support.media.ExifInterface void swapBasedOnImageSize(int, int) 1">
    <annotation name="android.support.annotation.IntDef">
      <val name="value" val="{android.support.media.ExifInterface.IFD_TYPE_PRIMARY, android.support.media.ExifInterface.IFD_TYPE_EXIF, android.support.media.ExifInterface.IFD_TYPE_GPS, android.support.media.ExifInterface.IFD_TYPE_INTEROPERABILITY, android.support.media.ExifInterface.IFD_TYPE_THUMBNAIL, android.support.media.ExifInterface.IFD_TYPE_PREVIEW, android.support.media.ExifInterface.IFD_TYPE_ORF_MAKER_NOTE, android.support.media.ExifInterface.IFD_TYPE_ORF_CAMERA_SETTINGS, android.support.media.ExifInterface.IFD_TYPE_ORF_IMAGE_PROCESSING, android.support.media.ExifInterface.IFD_TYPE_PEF}" />
    </annotation>
  </item>
  <item name="android.support.media.ExifInterface.IfdType">
    <annotation name="android.support.annotation.IntDef">
      <val name="value" val="{android.support.media.ExifInterface.IFD_TYPE_PRIMARY, android.support.media.ExifInterface.IFD_TYPE_EXIF, android.support.media.ExifInterface.IFD_TYPE_GPS, android.support.media.ExifInterface.IFD_TYPE_INTEROPERABILITY, android.support.media.ExifInterface.IFD_TYPE_THUMBNAIL, android.support.media.ExifInterface.IFD_TYPE_PREVIEW, android.support.media.ExifInterface.IFD_TYPE_ORF_MAKER_NOTE, android.support.media.ExifInterface.IFD_TYPE_ORF_CAMERA_SETTINGS, android.support.media.ExifInterface.IFD_TYPE_ORF_IMAGE_PROCESSING, android.support.media.ExifInterface.IFD_TYPE_PEF}" />
    </annotation>
  </item>
</root>

